"Transaction name	","Transaction time	","Time Stamp	"
"Customer0	","54829	","10/2/2022 6:22:01 AM	"
"Customer1	","34613	","10/2/2022 6:22:36 AM	"
"Customer2	","33139	","10/2/2022 6:23:09 AM	"
"Customer3	","33769	","10/2/2022 6:23:43 AM	"
"Customer4	","31810	","10/2/2022 6:24:15 AM	"
"JobSite0	","33878	","10/2/2022 6:24:49 AM	"
"JobSite1	","30704	","10/2/2022 6:25:19 AM	"
"JobSite2	","33762	","10/2/2022 6:25:53 AM	"
"JobSite3	","31220	","10/2/2022 6:26:24 AM	"
"JobSite4	","32348	","10/2/2022 6:26:57 AM	"
"Quote0	","42393	","10/2/2022 6:27:39 AM	"
"Quote1	","31963	","10/2/2022 6:28:11 AM	"
"Quote2	","32325	","10/2/2022 6:28:43 AM	"
"Quote3	","32096	","10/2/2022 6:29:15 AM	"
"Quote4	","33366	","10/2/2022 6:29:49 AM	"
"Workorder0	","47814	","10/2/2022 6:30:37 AM	"
"Workorder1	","34243	","10/2/2022 6:31:11 AM	"
"Workorder2	","35949	","10/2/2022 6:31:47 AM	"
"Workorder3	","34939	","10/2/2022 6:32:22 AM	"
"Workorder4	","34801	","10/2/2022 6:32:56 AM	"
"Invoice0	","30403	","10/2/2022 6:33:27 AM	"
"Invoice1	","13192	","10/2/2022 6:33:40 AM	"
"Invoice2	","12404	","10/2/2022 6:33:52 AM	"
"Invoice3	","15192	","10/2/2022 6:34:08 AM	"
"Invoice4	","16641	","10/2/2022 6:34:24 AM	"
End,,
